{"cameraMode":{"drawMode":0,"name":"Shaded","section":"Shading Mode"},"sceneLighting":true,"audioPlay":false,"sceneViewState":{"showFog":true,"showMaterialUpdate":false,"showSkybox":true,"showFlares":true,"showImageEffects":true,"showParticleSystems":true},"in2DMode":false,"pivot":{"x":8.92846393585205,"y":-3.635477066040039,"z":-2.475658416748047},"rotation":{"x":-0.040069710463285449,"y":0.9365618228912354,"z":-0.32899022102355959,"w":-0.11406945437192917},"size":9.326501846313477,"orthographic":false}